{
  "train_loss": [
    10.952624797821045,
    7.681829452514648,
    6.608674049377441,
    6.07088565826416,
    5.967366933822632,
    5.364323377609253,
    5.187730073928833,
    5.2817418575286865,
    4.781994104385376,
    4.982969045639038,
    4.998870372772217,
    4.7967822551727295,
    4.662283897399902,
    4.8048317432403564,
    4.809286117553711,
    4.509202241897583,
    4.7175703048706055,
    4.4207048416137695,
    4.703834295272827,
    4.4316747188568115,
    4.4334399700164795,
    4.618779897689819,
    4.561407089233398,
    4.043988227844238,
    4.312364101409912,
    4.270007610321045,
    4.121238708496094,
    4.203144311904907,
    4.031879544258118,
    4.15041708946228,
    4.074024558067322,
    4.071827054023743,
    3.620258331298828,
    3.980877637863159,
    3.8103257417678833,
    3.917656183242798,
    3.919291853904724,
    3.8084832429885864,
    3.869608163833618,
    4.039443016052246,
    3.7908090353012085,
    3.7184560298919678,
    3.904015302658081,
    3.870060086250305,
    3.841879367828369,
    3.6423306465148926,
    3.620984435081482,
    3.7954981327056885,
    3.575597882270813,
    3.431539535522461,
    3.7857223749160767,
    3.7262498140335083,
    3.668402910232544,
    3.5111443996429443,
    3.837027072906494,
    3.512885570526123,
    3.5851508378982544,
    3.181953191757202,
    3.652146816253662,
    3.8509737253189087,
    3.774109363555908,
    3.6718329191207886,
    3.5451533794403076,
    3.5686150789260864,
    3.5193570852279663,
    3.4051538705825806,
    3.4739567041397095,
    3.601425886154175,
    3.4745432138442993,
    3.343639373779297,
    3.4829583168029785,
    3.384136438369751,
    3.6595855951309204,
    3.750032424926758,
    3.343184232711792,
    3.652018427848816,
    3.54345166683197,
    3.59811794757843,
    3.4745413064956665,
    3.6056355237960815,
    3.6204534769058228,
    3.324908971786499,
    3.451865077018738,
    3.4688724279403687,
    3.309308409690857,
    3.612915873527527,
    3.561422109603882,
    3.59145188331604,
    3.3723064661026,
    3.5112005472183228,
    3.483001947402954,
    3.3290995359420776,
    3.575879454612732,
    3.405861496925354,
    3.5920127630233765,
    3.5848060846328735,
    3.2911983728408813,
    3.7775484323501587,
    3.4414504766464233,
    3.5411500930786133
  ],
  "val_loss": [
    {
      "step": 250,
      "loss": 5.385,
      "ppl": 218.11010410746965,
      "bpb": 7.768912795187068
    },
    {
      "step": 500,
      "loss": 4.755625,
      "ppl": 116.23627814056786,
      "bpb": 6.860916603827577
    },
    {
      "step": 750,
      "loss": 4.43125,
      "ppl": 84.03639678015612,
      "bpb": 6.39294239993922
    },
    {
      "step": 1000,
      "loss": 4.19375,
      "ppl": 66.27084123008324,
      "bpb": 6.05030232772809
    },
    {
      "step": 1250,
      "loss": 4.038125,
      "ppl": 56.719893240362445,
      "bpb": 5.825782911989745
    },
    {
      "step": 1500,
      "loss": 3.88875,
      "ppl": 48.849786111290776,
      "bpb": 5.610280340256956
    },
    {
      "step": 1750,
      "loss": 3.7525,
      "ppl": 42.62751769424541,
      "bpb": 5.413713140935835
    },
    {
      "step": 2000,
      "loss": 3.645625,
      "ppl": 38.30670706325224,
      "bpb": 5.259525108440827
    },
    {
      "step": 2250,
      "loss": 3.5525,
      "ppl": 34.90045966365455,
      "bpb": 5.125174132758043
    },
    {
      "step": 2500,
      "loss": 3.47625,
      "ppl": 32.33822606547688,
      "bpb": 5.015168635890259
    },
    {
      "step": 2750,
      "loss": 3.4225,
      "ppl": 30.645934167682405,
      "bpb": 4.937623777442477
    },
    {
      "step": 3000,
      "loss": 3.370625,
      "ppl": 29.096706817791407,
      "bpb": 4.862783972196363
    },
    {
      "step": 3250,
      "loss": 3.336875,
      "ppl": 28.13107957974099,
      "bpb": 4.81409301456636
    },
    {
      "step": 3500,
      "loss": 3.313125,
      "ppl": 27.47083784483272,
      "bpb": 4.7798290073452465
    },
    {
      "step": 3750,
      "loss": 3.299375,
      "ppl": 27.09569881566672,
      "bpb": 4.759991950533024
    },
    {
      "step": 4000,
      "loss": 3.291875,
      "ppl": 26.893241239478925,
      "bpb": 4.749171737726357
    },
    {
      "step": 4250,
      "loss": 3.288125,
      "ppl": 26.79258044178839,
      "bpb": 4.743761631323023
    },
    {
      "step": 4500,
      "loss": 3.283125,
      "ppl": 26.658951889353244,
      "bpb": 4.7365481561185785
    },
    {
      "step": 4750,
      "loss": 3.28125,
      "ppl": 26.609013186724894,
      "bpb": 4.733843102916912
    }
  ],
  "step": [
    0,
    50,
    100,
    150,
    200,
    250,
    300,
    350,
    400,
    450,
    500,
    550,
    600,
    650,
    700,
    750,
    800,
    850,
    900,
    950,
    1000,
    1050,
    1100,
    1150,
    1200,
    1250,
    1300,
    1350,
    1400,
    1450,
    1500,
    1550,
    1600,
    1650,
    1700,
    1750,
    1800,
    1850,
    1900,
    1950,
    2000,
    2050,
    2100,
    2150,
    2200,
    2250,
    2300,
    2350,
    2400,
    2450,
    2500,
    2550,
    2600,
    2650,
    2700,
    2750,
    2800,
    2850,
    2900,
    2950,
    3000,
    3050,
    3100,
    3150,
    3200,
    3250,
    3300,
    3350,
    3400,
    3450,
    3500,
    3550,
    3600,
    3650,
    3700,
    3750,
    3800,
    3850,
    3900,
    3950,
    4000,
    4050,
    4100,
    4150,
    4200,
    4250,
    4300,
    4350,
    4400,
    4450,
    4500,
    4550,
    4600,
    4650,
    4700,
    4750,
    4800,
    4850,
    4900,
    4950
  ],
  "throughput": [
    238889.18442187316,
    93997.48800469663,
    93547.98467015651,
    93240.98678941409,
    93259.13412930176,
    93267.05187980585,
    86755.85502769095,
    93124.02222301377,
    93162.57699926301,
    93133.79266676931,
    93090.07604414449,
    86958.62810027206,
    93090.88311314322,
    93084.05625532805,
    93068.92888907486,
    93003.72743967437,
    87015.35372536117,
    93051.99136941625,
    93046.35319867113,
    93041.79906353501,
    93018.68818962963,
    87057.38543752459,
    92967.41691257944,
    92943.35805232519,
    92915.6581383,
    93095.71573153055,
    87118.26327861939,
    93119.89455365409,
    92977.37655407145,
    92925.03118123705,
    92963.59424991712,
    86936.74800674291,
    92907.61591645044,
    92959.20036839286,
    93131.1073731444,
    92984.78226013831,
    86915.55828165115,
    93006.13412877823,
    92912.45967464437,
    92969.1180010654,
    92970.94744813709,
    87051.82723708748,
    93121.44601470037,
    93125.03936924218,
    93066.49059017077,
    93087.75453775103,
    87080.76025351921,
    93155.23513091772,
    93066.0129027421,
    93105.6669313555,
    93109.28682241545,
    87123.94208057146,
    93121.49775199036,
    93091.21098892135,
    93117.44222758563,
    92971.84364563017,
    87111.45223318633,
    93071.82930138976,
    93051.51635079722,
    93022.59660342296,
    93177.24715245547,
    87122.65858338379,
    93122.81013174132,
    93078.42176261588,
    92991.74368032595,
    93164.20061328053,
    87026.45270474564,
    93105.19010312203,
    93140.91906973119,
    93150.86225863363,
    93136.50083651025,
    87067.07483511975,
    93111.11106654847,
    93139.32403919048,
    93089.63027062663,
    93056.05946619973,
    87074.39198277972,
    93193.7677359553,
    93082.96309275755,
    93168.7212650196,
    93138.39178901841,
    87040.3337186257,
    93182.56319941567,
    93158.9977964923,
    92979.63468818943,
    93188.70567882695,
    87089.85277691728,
    93091.07290249481,
    93129.25773451354,
    93112.48560476718,
    93081.44191213601,
    87108.18264714592,
    93113.64002113257,
    93093.35547956952,
    93074.57735988227,
    93100.97202585092,
    87007.92917196764,
    93011.52886272786,
    93054.69352382066,
    93049.2156661165
  ],
  "config": {
    "model": "mamba",